<?xml version="1.0" encoding="UTF-8"?>
<project-private xmlns="http://www.netbeans.org/ns/project-private/1">
    <editor-bookmarks xmlns="http://www.netbeans.org/ns/editor-bookmarks/2" lastBookmarkId="0"/>
    <open-files xmlns="http://www.netbeans.org/ns/projectui-open-files/2">
        <group>
            <file>file:/C:/Users/euan6/OneDrive/Documents/BSc%20(Hons)%20Computing/Year%202/Programming%202/Assignments/Coursework/WeatherDataAppStarter/WeatherDataAppStarter/src/model/City.java</file>
            <file>file:/C:/Users/euan6/OneDrive/Documents/BSc%20(Hons)%20Computing/Year%202/Programming%202/Assignments/Coursework/WeatherDataAppStarter/WeatherDataAppStarter/src/daos/DAOTextImpl.java</file>
            <file>file:/C:/Users/euan6/OneDrive/Documents/BSc%20(Hons)%20Computing/Year%202/Programming%202/Assignments/Coursework/WeatherDataAppStarter/WeatherDataAppStarter/src/repositories/Repository.java</file>
            <file>file:/C:/Users/euan6/OneDrive/Documents/BSc%20(Hons)%20Computing/Year%202/Programming%202/Assignments/Coursework/WeatherDataAppStarter/WeatherDataAppStarter/src/controllers/WeatherDataController_Increment1.java</file>
            <file>file:/C:/Users/euan6/OneDrive/Documents/BSc%20(Hons)%20Computing/Year%202/Programming%202/Assignments/Coursework/WeatherDataAppStarter/WeatherDataAppStarter/src/controllers/WeatherDataController.java</file>
            <file>file:/C:/Users/euan6/OneDrive/Documents/BSc%20(Hons)%20Computing/Year%202/Programming%202/Assignments/Coursework/WeatherDataAppStarter/WeatherDataAppStarter/src/daos/DAOInterface.java</file>
        </group>
    </open-files>
</project-private>
